ts,agent,event,item_id,queue,ref,note
2026-06-09T01:20:00Z,flow-manager,task_start,,,flow-manager-s001-close,bracket: close s001 + open s002 cycle
2026-06-09T01:20:00Z,flow-manager,state_transition,UC-S001-1,,tester-PASS,state: ready -> done (92/92 tester PASS; done_ts=2026-06-09T01:20:00Z)
2026-06-09T01:20:00Z,flow-manager,state_transition,UC-S001-2,,tester-PASS,state: intake -> done (done_ts=2026-06-09T01:20:00Z)
2026-06-09T01:20:00Z,flow-manager,state_transition,UC-S001-3,,tester-PASS,state: intake -> done (done_ts=2026-06-09T01:20:00Z)
2026-06-09T01:20:00Z,flow-manager,state_transition,UC-S001-4,,tester-PASS,state: intake -> done (done_ts=2026-06-09T01:20:00Z)
2026-06-09T01:20:00Z,flow-manager,state_transition,UC-S001-5,,tester-PASS,state: intake -> done (done_ts=2026-06-09T01:20:00Z)
2026-06-09T01:20:00Z,flow-manager,state_transition,UC-S001-6,,tester-PASS,state: intake -> done (done_ts=2026-06-09T01:20:00Z)
2026-06-09T01:20:00Z,flow-manager,bubble,CHK-1,,s001-all-children-done,CHK-1 bubble: all 6 children done -> CHK-1 state=done; done-condition MET (read layer delivered + validated). done_ts=2026-06-09T01:20:00Z
2026-06-09T01:20:00Z,flow-manager,dequeue,UC-S001-1,ready,,dequeued UC-S001-1 from ready (state=done; delivered)
2026-06-09T01:20:00Z,flow-manager,dequeue,UC-S001-2,intake,,dequeued UC-S001-2 from intake (state=done; delivered)
2026-06-09T01:20:00Z,flow-manager,dequeue,UC-S001-3,intake,,dequeued UC-S001-3 from intake (state=done; delivered)
2026-06-09T01:20:00Z,flow-manager,dequeue,UC-S001-4,intake,,dequeued UC-S001-4 from intake (state=done; delivered)
2026-06-09T01:20:00Z,flow-manager,dequeue,UC-S001-5,intake,,dequeued UC-S001-5 from intake (state=done; delivered)
2026-06-09T01:20:00Z,flow-manager,dequeue,UC-S001-6,intake,,dequeued UC-S001-6 from intake (state=done; delivered)
2026-06-09T01:20:00Z,flow-manager,marks_cleared,,,s001-mmd-stable,cleared :::changed marks on S2-UC1..S2-UC6 nodes in use-case-deps.mmd (s002 nodes reset to stable per convention — marks were pre-placed for s002 setup); cleared :::s001changed on app.js/compose.js/server.js in class-deps.mmd (s001 delivered — seams now stable)
2026-06-09T01:21:00Z,flow-manager,state_transition,CHK-2,,s002-open,CHK-2 state: backlog -> in-progress (s002 use-cases registered; parent REQ-OBSERVATORY)
2026-06-09T01:21:00Z,flow-manager,register,UC-S002-1,,s002-uc-registration,registered UC-S002-1 value=MED cost=2 vc_ratio=1.00 parent=CHK-2
2026-06-09T01:21:00Z,flow-manager,register,UC-S002-2,,s002-uc-registration,registered UC-S002-2 value=MED cost=2 vc_ratio=1.00 parent=CHK-2
2026-06-09T01:21:00Z,flow-manager,register,UC-S002-3,,s002-uc-registration,registered UC-S002-3 value=HIGH cost=4 vc_ratio=0.75 parent=CHK-2
2026-06-09T01:21:00Z,flow-manager,register,UC-S002-4,,s002-uc-registration,registered UC-S002-4 value=HIGH cost=2 vc_ratio=1.50 parent=CHK-2
2026-06-09T01:21:00Z,flow-manager,register,UC-S002-5,,s002-uc-registration,registered UC-S002-5 value=HIGH cost=2 vc_ratio=1.50 parent=CHK-2
2026-06-09T01:21:00Z,flow-manager,register,UC-S002-6,,s002-uc-registration,registered UC-S002-6 value=HIGH cost=3 vc_ratio=1.00 parent=CHK-2
2026-06-09T01:21:00Z,flow-manager,enqueue,UC-S002-1,ready,,enqueued UC-S002-1 to ready (depth 0->1 — queue was empty)
2026-06-09T01:21:00Z,flow-manager,loop_wake,,ready,UC-S002-1,ready queue was empty (depth 0); enqueue of UC-S002-1 wakes dev loop (§F9)
2026-06-09T01:21:00Z,flow-manager,enqueue,UC-S002-4,intake,,enqueued UC-S002-4 to intake position 1 (vc_ratio=1.50; scaffold-blocked)
2026-06-09T01:21:00Z,flow-manager,enqueue,UC-S002-5,intake,,enqueued UC-S002-5 to intake position 2 (vc_ratio=1.50; scaffold-blocked)
2026-06-09T01:21:00Z,flow-manager,enqueue,UC-S002-6,intake,,enqueued UC-S002-6 to intake position 3 (vc_ratio=1.00; serial-last)
2026-06-09T01:21:00Z,flow-manager,enqueue,UC-S002-2,intake,,enqueued UC-S002-2 to intake position 4 (vc_ratio=1.00; scaffold-blocked)
2026-06-09T01:21:00Z,flow-manager,enqueue,UC-S002-3,intake,,enqueued UC-S002-3 to intake position 5 (vc_ratio=0.75; scaffold-blocked + §11.2 gate)
2026-06-09T01:21:00Z,flow-manager,edge_record,S2-UC1,,,scaffold edges S2-UC1->(scaffold)->S2-UC2/3/4/5/6 recorded in edge-ledger.md as §39 scheduling edges (same pattern as s001); S2-UC6 also serial-last (full live-data path); all logic edges S2-UC2->UC3/4/6 + UC3->UC4/5/6 + UC5->UC6 recorded
2026-06-09T01:22:00Z,flow-manager,parallel_dispatch,,ready,,batch=cycle-1 items=UC-S002-1 achieved=1 max=1 note=serial-first; scaffold seam claimed by UC-S002-1; UC-S002-2..6 blocked until scaffold done
2026-06-09T01:22:00Z,flow-manager,parallel_dispatch,,ready,,batch=cycle-2-planned items=UC-S002-2 achieved=1 max=1 note=only UC-S002-2 is unblocked after UC-S002-1 done (independent data layer; disjoint seam); UC-S002-3 gated §11.2 decision (parallel design track — does not block UC-S002-2); UC-S002-4 and UC-S002-5 both depend on UC-S002-3 rendered boxes — cannot dispatch until UC-S002-3 done; UC-S002-6 serial-last
2026-06-09T01:22:00Z,flow-manager,parallel_dispatch,,ready,,batch=cycle-3-planned items=UC-S002-4|UC-S002-5 achieved=2 max=2 note=maximal independent set after UC-S002-3 done; disjoint seams; UC-S002-4 extends PipelineMap for indicators / UC-S002-5 extends PipelineMap for constraint highlight — no edge between them; UC-S002-6 remains blocked until all 4 done
2026-06-09T01:22:00Z,flow-manager,task_end,,,flow-manager-s001-close,bracket close: s001 closed + CHK-1 bubbled to done + s002 registered + cycle-1 dispatched
2026-06-09T02:22:00Z,flow-manager,task_start,,,flow-manager-s002-close,bracket: close s002-pipeline-map + bubble CHK-2 to done
2026-06-09T02:22:00Z,flow-manager,state_transition,UC-S002-1,,tester-PASS,state: ready -> done (222/222 tester PASS; done_ts=2026-06-09T02:22:00Z)
2026-06-09T02:22:00Z,flow-manager,state_transition,UC-S002-2,,tester-PASS,state: intake -> done (done_ts=2026-06-09T02:22:00Z)
2026-06-09T02:22:00Z,flow-manager,state_transition,UC-S002-3,,tester-PASS,state: intake -> done (done_ts=2026-06-09T02:22:00Z)
2026-06-09T02:22:00Z,flow-manager,state_transition,UC-S002-4,,tester-PASS,state: intake -> done (done_ts=2026-06-09T02:22:00Z)
2026-06-09T02:22:00Z,flow-manager,state_transition,UC-S002-5,,tester-PASS,state: intake -> done (done_ts=2026-06-09T02:22:00Z)
2026-06-09T02:22:00Z,flow-manager,state_transition,UC-S002-6,,tester-PASS,state: intake -> done (done_ts=2026-06-09T02:22:00Z)
2026-06-09T02:22:00Z,flow-manager,bubble,CHK-2,,s002-all-children-done,CHK-2 bubble: all 6 children done -> CHK-2 state=done; done-condition MET (pipeline map delivered + validated: live queue lengths + buffer-state flags + constraint highlight + live refresh). done_ts=2026-06-09T02:22:00Z
2026-06-09T02:22:00Z,flow-manager,dequeue,UC-S002-1,ready,,dequeued UC-S002-1 from ready (state=done; delivered)
2026-06-09T02:22:00Z,flow-manager,dequeue,UC-S002-2,intake,,dequeued UC-S002-2 from intake (state=done; delivered)
2026-06-09T02:22:00Z,flow-manager,dequeue,UC-S002-3,intake,,dequeued UC-S002-3 from intake (state=done; delivered)
2026-06-09T02:22:00Z,flow-manager,dequeue,UC-S002-4,intake,,dequeued UC-S002-4 from intake (state=done; delivered)
2026-06-09T02:22:00Z,flow-manager,dequeue,UC-S002-5,intake,,dequeued UC-S002-5 from intake (state=done; delivered)
2026-06-09T02:22:00Z,flow-manager,dequeue,UC-S002-6,intake,,dequeued UC-S002-6 from intake (state=done; delivered)
2026-06-09T02:22:00Z,flow-manager,marks_cleared,,,s002-mmd-stable,cleared :::s002changed on all 9 SPA seam nodes in class-deps.mmd (s002 delivered; classDef s002changed removed); cleared classDef s002active in use-case-deps.mmd; cleared class...changed + classDef changed in component-map.mmd (all replaced with :::delivered / classDef delivered)
2026-06-09T02:22:00Z,flow-manager,open_item_confirmed,OI-S002-1,,,OI-S002-1 confirmed in open-items.md: AC6.5 SSE reconnect end-to-end not exercised; spec task candidate for next slice
2026-06-09T02:22:00Z,flow-manager,buffer_status,,,queue-depths,ready=0 (min=2 STARVING — CHK-3 replenishment in flight); intake=0 (min=2 STARVING — CHK-3 replenishment in flight); deploy=0 (min=0 ok); rework=0 (min=0 ok). Replenishment parallel track dispatched; no gate on dev loop.
2026-06-09T02:22:00Z,flow-manager,task_end,,,flow-manager-s002-close,bracket close: s002 closed + CHK-2 bubbled to done + all UCs dequeued + mmd marks cleared + OI-S002-1 confirmed; REQ-OBSERVATORY CHK-1 done CHK-2 done CHK-3..7 remaining
2026-06-10T14:00:00Z,flow-manager,task_start,,,flow-manager-defect004-hygiene,bracket: DEFECT-004 data-hygiene reconciliation — items.csv + ready.csv + tree to ground truth (UC-S005-1/2/3 done; UC-S005-4/5 ready; UC-S005-6 blocked)
2026-06-10T14:00:00Z,flow-manager,state_transition,UC-S005-1,,,state: ready -> done (built + delivered in s005; done_ts=2026-06-10T14:00:00Z; DEFECT-004 hygiene correction)
2026-06-10T14:00:00Z,flow-manager,state_transition,UC-S005-2,,,state: ready -> done (built + delivered in s005; done_ts=2026-06-10T14:00:00Z; DEFECT-004 hygiene correction)
2026-06-10T14:00:00Z,flow-manager,state_transition,UC-S005-3,,,state: ready -> done (built + delivered in s005; done_ts=2026-06-10T14:00:00Z; DEFECT-004 hygiene correction)
2026-06-10T14:00:00Z,flow-manager,dequeue,UC-S005-1,ready,,dequeued UC-S005-1 from ready (state=done; was stale — DEFECT-004 hygiene)
2026-06-10T14:00:00Z,flow-manager,dequeue,UC-S005-2,ready,,dequeued UC-S005-2 from ready (state=done; was stale — DEFECT-004 hygiene)
2026-06-10T14:00:00Z,flow-manager,enqueue,UC-S005-5,ready,,enqueued UC-S005-5 to ready position 1 (vc_ratio=1.50; deps UC-S005-1+UC-S005-3 both done; item history panel; depth 0->1)
2026-06-10T14:00:00Z,flow-manager,loop_wake,,ready,UC-S005-5,ready queue was empty (depth 0 after stale-item removal); enqueue of UC-S005-5 wakes dev loop (§F9)
2026-06-10T14:00:00Z,flow-manager,enqueue,UC-S005-4,ready,,enqueued UC-S005-4 to ready position 2 (vc_ratio=1.00; dep UC-S005-3 done; Markdown+Mermaid rendering; co-schedulable with UC-S005-5)
2026-06-10T14:00:00Z,flow-manager,marks_cleared,,,s005-partial-delivered,cleared :::changed on S5UC1/S5UC2/S5UC3 in use-case-deps.mmd → classDef delivered; S5UC4/S5UC5/S5UC6 remain :::changed (in-flight)
2026-06-10T14:00:00Z,flow-manager,buffer_status,,,queue-depths,ready=2 (min=2 AT-FLOOR; wip_limit=4 ok); UC-S005-5 pos-1 UC-S005-4 pos-2; UC-S005-6 blocked on UC-S005-5; intake=0 deploy=0 rework=0
2026-06-10T14:00:00Z,flow-manager,task_end,,,flow-manager-defect004-hygiene,bracket close: DEFECT-004 data-hygiene done — UC-S005-1/2/3 state=done+done_ts set; UC-S005-1/2 dequeued from ready; UC-S005-4/5 enqueued to ready (sorted by vc_ratio); tree rebuilt; mmd marks corrected; CHK-4 in-progress 3/6 UCs done; full audit: no other drift found (CHK-1/2 done CHK-3 dropped CHK-4 in-progress CHK-5/6/7 planned — all correct)
2026-06-10T19:00:00Z,flow-manager,task_start,,,flow-manager-s005-close,bracket-open: UC-S005-6 built+validated; close CHK-4; clear s005 changed marks; report REQ-OBSERVATORY core-complete state
2026-06-10T19:00:00Z,flow-manager,state_transition,UC-S005-6,,,state: in-progress -> done (zoom breadcrumb + SSE refresh built+validated; done_ts=2026-06-10T19:00:00Z)
2026-06-10T19:00:00Z,flow-manager,bubble,CHK-4,,s005-all-children-done,CHK-4 bubble: all 6/6 children done (UC-S005-1/2/3/4/5/6) -> CHK-4 state=done; done-condition MET (work-item tree + drill + zoom breadcrumb + live SSE refresh delivered). done_ts=2026-06-10T19:00:00Z
2026-06-10T19:00:00Z,flow-manager,marks_cleared,,,s005-mmd-stable,cleared :::changed on S5UC4/S5UC5/S5UC6 in use-case-deps.mmd -> classDef delivered (all s005 nodes now delivered); removed classDef changed (unused); cleared classDef s005changed + replaced all :::s005changed with :::delivered in class-deps.mmd (s005 slice fully delivered — all seams stable)
2026-06-10T19:00:00Z,flow-manager,buffer_status,,,queue-depths,ready=0 (min=2 — BELOW FLOOR; CORE work exhausted: CHK-1/2/4 done CHK-3 dropped; SECONDARY CHK-5/6/7 not yet decomposed; signal: requirement-CORE-complete — human milestone decision required); intake=0; deploy=0; rework=0. No replenishment signal raised — CORE is delivered; SECONDARY is deprioritised by human; queues empty by design.
2026-06-10T19:00:00Z,flow-manager,task_end,,,flow-manager-s005-close,bracket-close: UC-S005-6 done + CHK-4 bubbled done + s005 mmd marks cleared + items-tree.md rebuilt; REQ-OBSERVATORY CORE-COMPLETE (CHK-1 done + CHK-2 done + CHK-3 dropped + CHK-4 done); SECONDARY CHK-5/6/7 planned/not-started; all queues empty; CORE observe-and-navigate requirement DELIVERED
