timestamp,project,iteration,slice,agent,event,duration_s,outcome,ref,note
2026-06-04T00:00:00Z,ox,0,requirement,orchestrator,task_start,,na,KICKOFF-001,Project ox created; dispatching product agent for JTBD vision
2026-06-04T00:01:00Z,ox,0,requirement,product,task_start,,na,KICKOFF-001,Product agent producing JTBD vision
2026-06-04T00:02:00Z,ox,0,requirement,product,task_end,,success,KICKOFF-001,JTBD vision + chunks written to work/ox/
2026-06-04T00:02:00Z,ox,0,requirement,orchestrator,gate,,success,GATE-1,Gate 1 product vision approved by human
2026-06-04T00:03:00Z,ox,0,requirement,solution-architect,task_start,,na,GATE-1,Dispatching solution architect for target architecture + security review
# event ∈ {task_start,task_end,deploy,failure,recovery,gate}
# outcome ∈ {success,fail,rolled_forward,rolled_back,na}
# duration_s: wall-clock seconds for the unit of work; blank for instantaneous events
# ref: git sha / PR / test id / decision-log anchor
# All times UTC ISO-8601. Append-only — never edit prior rows.
2026-06-04T11:49:58Z,ox,0,architecture,solution-architect,task_start,,na,GATE-1,"Producing target architecture, deltas/001, security review for ox CLI"
2026-06-04T12:35:14Z,ox,0,architecture,solution-architect,task_end,1200,success,GATE-1,"Target arch (Python3 stdlib CLI), delta 001, security review (stdin-only surface) complete; cloud principle deviation logged"
2026-06-04T12:36:00Z,ox,0,architecture,orchestrator,gate,,success,GATE-2,Architecture + security review approved by human
2026-06-04T12:36:00Z,ox,1,slice-001,product,task_start,,na,GATE-2,Dispatching product agent to define slice 001 (Chunk 1: playable board)
2026-06-04T12:37:00Z,ox,1,slice-001,product,task_end,,success,GATE-2,slice.md + acceptance.md (13 ACs) written for slice 001
2026-06-04T12:37:00Z,ox,1,slice-001,orchestrator,gate,,success,GATE-2B,Slice 001 approved by human; dispatching engineer
2026-06-04T12:38:00Z,ox,1,slice-001,engineer,task_start,,na,GATE-2B,Engineer building slice 001 TDD on trunk
2026-06-04T12:45:00Z,ox,1,slice-001,engineer,task_end,,success,GATE-2B,39 tests pass; all 13 ACs green; no principle deviations
2026-06-04T12:45:00Z,ox,1,slice-001,orchestrator,gate,,success,GATE-3,Go/no-go to deploy approved by human; dispatching tester
2026-06-04T12:45:00Z,ox,1,slice-001,tester,task_start,,na,GATE-3,Tester validating slice 001 through public surface
2026-06-04T13:05:00Z,ox,1,slice-001,tester,task_end,1200,success,GATE-3,"All 6 success measures pass; all 13 ACs green; no defects; slice 001 done"
2026-06-04T13:06:00Z,ox,1,slice-001,documenter,task_start,,na,GATE-3,Documenter writing usage.md for slice 001 playable-board
2026-06-04T13:07:00Z,ox,1,slice-001,documenter,task_end,60,success,GATE-3,Created work/ox/docs/usage.md; all claims traceable to result.md and acceptance.md
2026-06-04T13:07:00Z,ox,1,slice-001,orchestrator,deploy,,success,GATE-3,Slice 001 delivered; tester validation = deploy for local CLI (no separate infra deploy)
2026-06-04T16:07:00Z,ox,1,slice-001,orchestrator,task_start,,na,RETRO-1,Retro for ox slice-001
2026-06-04T16:10:00Z,ox,1,slice-001,orchestrator,task_end,,success,RETRO-1,Process v2 written; constraint=solution-architect; project classification guidance added
2026-06-04T16:11:00Z,ox,2,slice-002,product,task_start,,na,SLICE-NEXT-2,Product proposing slice 002
2026-06-04T16:12:00Z,ox,2,slice-002,product,task_end,,success,SLICE-NEXT-2,slice.md written for slice 002; awaiting gate-2 sign-off
2026-06-04T16:13:00Z,ox,2,slice-002,orchestrator,gate,,success,GATE-2-S002,Slice 002 approved by human
2026-06-04T16:13:00Z,ox,2,slice-002,solution-architect,task_start,,na,GATE-2-S002,Architect producing delta 002 + security review
2026-06-04T16:14:00Z,ox,2,slice-002,solution-architect,task_start,,na,GATE-2-S002,"Producing delta 002 (AI Engine/minimax), current.md update, acceptance.md, security verdict"
2026-06-04T16:34:00Z,ox,2,slice-002,solution-architect,task_end,1200,success,GATE-2-S002,"Delta 002 (AI Engine/negamax, one new pure module), current.md AI promoted to active, acceptance.md (9 ACs), security verdict: no new controls. No principle deviation."
2026-06-04T16:35:00Z,ox,2,slice-002,orchestrator,gate,,success,GATE-3-S002,Architecture + security approved by human; dispatching engineer
2026-06-04T16:35:00Z,ox,2,slice-002,engineer,task_start,,na,GATE-3-S002,Engineer building slice 002 TDD on trunk
2026-06-04T16:55:00Z,ox,2,slice-002,engineer,task_end,,success,GATE-3-S002,58 tests pass (19 new); all 9 ACs green; ai.py added; no principle deviations
2026-06-04T16:55:00Z,ox,2,slice-002,orchestrator,gate,,success,GATE-4-S002,Go/no-go to deploy; build green; dispatching tester
2026-06-04T16:55:00Z,ox,2,slice-002,tester,task_start,,na,GATE-4-S002,Tester validating slice 002 through public surface
2026-06-05T00:30:00Z,ox,2,slice-002,tester,task_end,2100,success,GATE-4-S002,"All 6 SMs pass; 9/9 ACs green; 58 tests pass; full game-tree no X win; draw confirmed; no defects"
2026-06-05T00:31:00Z,ox,2,slice-002,documenter,task_start,,na,GATE-4-S002,Documenter updating usage.md for slice 002
2026-06-05T00:32:00Z,ox,2,slice-002,documenter,task_end,60,success,GATE-4-S002,usage.md updated; single-player vs unbeatable computer; example session revised
2026-06-05T00:32:00Z,ox,2,slice-002,orchestrator,deploy,,success,GATE-4-S002,Slice 002 delivered; tester validation = deploy for local CLI (no separate infra deploy)
2026-06-05T00:32:00Z,ox,2,slice-002,orchestrator,task_start,,na,RETRO-2,Retro for ox slice-002
2026-06-05T00:40:00Z,ox,2,slice-002,orchestrator,task_end,,success,RETRO-2,Process v3 written; constraint=tester; tester scope clarified; deploy event fix; per-project.md updated
2026-06-05T07:10:00Z,ox,0,all,orchestrator,task_start,,na,RETRO-3,Manual retro for ox; focus question on gross lead time contributors
2026-06-05T07:15:00Z,ox,0,all,orchestrator,task_end,,success,RETRO-3,Process v4 written; parallel planning + auto go/no-go + gross lead time analysis added
2026-06-05T07:20:00Z,ox,0,all,orchestrator,task_start,,na,RETRO-4,Manual retro correction: gross lead time redefined as wall-clock (all waits); constraint corrected to human gate latency
2026-06-05T07:25:00Z,ox,0,all,orchestrator,task_end,,success,RETRO-4,Process v5 written; gross lead time = wall-clock (91% wait); constraint = human gate latency; gate reduction strategies added
2026-06-05T07:26:00Z,ox,3,slice-003,product,task_start,,na,SLICE-NEXT-3,Product proposing slice 003
2026-06-05T07:27:00Z,ox,3,slice-003,product,task_end,,success,SLICE-NEXT-3,slice.md written for slice 003 play-again loop; awaiting gate sign-off
2026-06-05T07:28:00Z,ox,3,slice-003,orchestrator,gate,,success,GATE-2-S003,Slice 003 approved (scope updated: session score added); dispatching architect
2026-06-05T07:28:00Z,ox,3,slice-003,solution-architect,task_start,,na,GATE-2-S003,Architect producing delta 003 + security review + acceptance tests
2026-06-05T07:26:36Z,ox,3,slice-003,solution-architect,task_end,900,success,GATE-2-S003,"Delta 003 (session loop in game.py wraps play_game; score dict; injectable again seam), current.md Session Loop active, acceptance.md (9 ACs, all 8 SMs), security verdict: no new surface (play-again clause added). No principle deviation."
2026-06-05T07:30:00Z,ox,3,slice-003,orchestrator,gate,,success,GATE-3-S003,Architecture + security approved by human; dispatching engineer
2026-06-05T07:30:00Z,ox,3,slice-003,engineer,task_start,,na,GATE-3-S003,Engineer building slice 003 TDD on trunk
2026-06-05T07:45:00Z,ox,3,slice-003,engineer,task_end,,success,GATE-3-S003,85 tests pass (27 new); all 9 ACs green; no principle deviations
2026-06-05T07:45:00Z,ox,3,slice-003,orchestrator,gate,,success,GATE-4-S003,Go/no-go AUTO-APPROVED: local-only + green build + no deviations (v5 §3); dispatching tester
2026-06-05T07:45:00Z,ox,3,slice-003,tester,task_start,,na,GATE-4-S003,Tester validating slice 003 through public surface
2026-06-05T08:05:00Z,ox,3,slice-003,tester,task_end,1200,success,GATE-4-S003,"All 8 SMs pass; 85/85 tests pass; play-again prompt, score, y/n/invalid/EOF all validated via CLI; no defects; slice 003 done"
2026-06-05T08:05:00Z,ox,3,slice-003,orchestrator,deploy,,success,GATE-4-S003,Slice 003 delivered; tester validation = deploy for local CLI (no separate infra deploy)
2026-06-05T08:05:00Z,ox,3,slice-003,documenter,task_start,,na,GATE-4-S003,Documenter updating usage.md for slice 003
2026-06-05T08:06:00Z,ox,3,slice-003,documenter,task_end,60,success,GATE-4-S003,usage.md updated; feature-complete; play-again + score documented; caveats removed
2026-06-05T08:06:00Z,ox,3,slice-003,orchestrator,task_start,,na,RETRO-5,Mandatory retro for ox slice-003
2026-06-05T08:18:00Z,ox,3,slice-003,orchestrator,task_end,,success,RETRO-5,Process v6 written; tester scope confirmed; engineer duration_s + deploy event format gaps queued; ox marked complete
2026-06-05T09:00:00Z,ox,0,all,orchestrator,task_start,,na,RETRO-6,Final ox retro; gross lead time analysis; session continuity identified as primary constraint
2026-06-05T09:15:00Z,ox,0,all,orchestrator,task_end,,success,RETRO-6,Process v7 written; session continuity discipline + time-to-first-deploy + delivery gap metrics added; constraint reidentified as session boundaries not gate count
2026-06-05T09:30:00Z,oxo-online,0,requirement,orchestrator,task_start,,na,KICKOFF-OXO,Project oxo-online created; dispatching product agent for JTBD vision
2026-06-05T09:30:00Z,oxo-online,0,requirement,product,task_start,,na,KICKOFF-OXO,Product agent producing JTBD vision for oxo-online
2026-06-05T09:31:00Z,oxo-online,0,requirement,product,task_end,,success,KICKOFF-OXO,JTBD vision + chunks written to work/oxo-online/
2026-06-05T09:32:00Z,oxo-online,0,requirement,orchestrator,gate,,success,GATE-1-OXO,Gate 1 product vision approved by human
2026-06-05T09:32:00Z,oxo-online,0,architecture,solution-architect,task_start,,na,GATE-1-OXO,Architect producing target architecture + security review for oxo-online (cloud/hosted)
2026-06-05T09:34:00Z,oxo-online,0,architecture,solution-architect,task_end,900,success,GATE-1-OXO,"Target arch complete: Lambda+API Gateway WS+DynamoDB+CloudFront+S3; 9 security notes; delta 001 (static SPA shell only); no VPC for C1-C7; server-authoritative game; aws-architecture skill missing (deviation logged)"
2026-06-05T09:45:00Z,oxo-online,0,architecture,orchestrator,gate,,success,GATE-2-OXO,Architecture + security approved by human; dispatching product + architect for slice 001
2026-06-05T09:45:00Z,oxo-online,1,slice-001,product,task_start,,na,GATE-2-OXO,Product defining slice 001 (Chunk 1: deployable shell)
2026-06-05T09:23:17Z,oxo-online,0,architecture,solution-architect,task_end,1500,success,GATE-1-OXO,"Target arch (serverless: CloudFront+S3, API GW WS+HTTP, Lambda, 2x DynamoDB); delta 001 (static-shell no backend); 10 security notes; capabilities prod-only OIDC; security review done; aws-architecture skill missing -> deviation logged"
2026-06-05T11:33:13Z,oxo-online,1,001-deployable-shell,solution-architect,task_start,,na,,Author acceptance criteria for slice 001 deployable shell
2026-06-05T11:33:54Z,oxo-online,1,001-deployable-shell,solution-architect,task_end,300,success,slices/001-deployable-shell/acceptance.md,7 automatable ACs co-authored for deployable shell
2026-06-05T09:46:00Z,oxo-online,1,slice-001,product,task_end,,success,GATE-2-OXO,slice.md written for slice 001 deployable-shell
2026-06-05T09:47:00Z,oxo-online,1,slice-001,orchestrator,gate,,na,GATE-2B-OXO,Awaiting human sign-off on slice 001 deployable-shell
2026-06-05T11:40:00Z,oxo-online,1,slice-001,orchestrator,gate,,success,GATE-2B-OXO,Slice 001 approved by human; dispatching cicd then engineer
2026-06-05T11:40:00Z,oxo-online,1,slice-001,cicd,task_start,,na,GATE-2B-OXO,CICD producing CDK stack + GitHub Actions pipeline for slice 001
2026-06-05T11:58:00Z,oxo-online,1,slice-001,cicd,task_end,1080,success,GATE-2B-OXO,CDK stacks (shell+OIDC) + GitHub Actions pipeline written; capabilities.md updated; pre-requisites documented
2026-06-05T11:45:00Z,oxo-online,1,slice-001,cicd,task_end,300,success,GATE-2B-OXO,CDK stack + GitHub Actions pipeline + capabilities produced; pre-requisites documented
2026-06-05T11:45:00Z,oxo-online,1,slice-001,engineer,task_start,,na,GATE-2B-OXO,Engineer building React shell + Playwright smoke tests
2026-06-05T13:33:00Z,oxo-online,1,slice-001,engineer,task_end,360,success,GATE-2B-OXO,4 unit tests pass; React shell built; Playwright smoke tests written; build path mismatch fixed
2026-06-05T16:55:04Z,oxo-online,1,001,orchestrator,deploy,,success,f8d2fd3,Slice 001 deployable shell live at CloudFront via GitHub Actions pipeline
2026-06-05T17:00:20Z,oxo-online,2,002,orchestrator,task_start,,na,SLICE-NEXT-2,Orchestrator dispatching product for slice 002 (Chunk 2: local two-player game)
2026-06-05T17:01:00Z,oxo-online,2,002-local-game,product,task_start,,na,SLICE-NEXT-2,Product agent proposing slice 002 local two-player game
2026-06-05T17:03:00Z,oxo-online,2,002-local-game,product,task_end,120,success,SLICE-NEXT-2,slice.md written for 002-local-game; 6 success measures; scope and exclusions defined
2026-06-05T17:05:00Z,oxo-online,2,002-local-game,solution-architect,task_start,,na,SLICE-NEXT-2,Architecture delta + security review for slice 002 local two-player game
2026-06-05T17:18:00Z,oxo-online,2,002-local-game,solution-architect,task_end,780,success,SLICE-NEXT-2,Delta 002 written (no AWS change); security review concluded no new surface/flow/boundary; current.md C2 marked current; acceptance.md co-authored
2026-06-05T17:11:53Z,oxo-online,2,002-local-game,cicd,task_start,,na,,"Capabilities check — pure frontend slice, confirm no pipeline change needed"
2026-06-05T17:15:00Z,oxo-online,2,002-local-game,cicd,task_end,240,success,,"Pipeline unchanged; capabilities.md updated with slice 002 section; no new AWS infra"
2026-06-05T17:11:53Z,oxo-online,2,002-local-game,engineer,task_start,,na,,Thin route through acceptance cases
2026-06-05T17:14:02Z,oxo-online,2,002-local-game,cicd,task_end,52,success,,No pipeline change needed; capabilities.md updated with slice 002 section
2026-06-05T17:14:09Z,oxo-online,2,002-local-game,engineer,task_end,96,success,,"Thin route written — 4 phases: A (pure engine), B (React components), C (shell wiring), D (security/network policy tests)"
2026-06-05T17:14:12Z,oxo-online,2,002-local-game,engineer,task_start,,na,,"TDD build — red/green/refactor on trunk, phases A-D"
2026-06-05T17:15:26Z,oxo-online,2,002-local-game,engineer,task_start,,na,,"Implementing slice 002 TDD red-green-refactor phases A-D"
2026-06-05T17:27:33Z,oxo-online,2,002-local-game,engineer,task_end,,success,dcdf007,"Slice 002 local game delivered: engine + React UI + policy guards; 48 tests green, lint clean, build ok; no new runtime deps"
2026-06-05T17:28:43Z,oxo-online,2,002-local-game,engineer,task_end,811,success,79bf59c,48/48 tests pass; lint clean; build clean; no new runtime deps
2026-06-05T17:28:43Z,oxo-online,2,002-local-game,orchestrator,gate,,success,GATE-4-S002,"Gate 4 auto-approved: all tests pass, lint clean, build clean, application-only diff"
2026-06-05T17:32:00Z,oxo-online,2,002-local-game,orchestrator,failure,,na,21b5d09,Pipeline failed — investigating
2026-06-05T17:32:30Z,oxo-online,2,002-local-game,engineer,task_start,,na,,Defect: smoke tests still check TitleScreen elements after Phase C wired GameRoot to root route
2026-06-05T17:35:42Z,oxo-online,2,002-local-game,engineer,task_end,120,success,0d1bbe3,Smoke tests updated to match GameRoot at root route
2026-06-05T17:35:42Z,oxo-online,2,002-local-game,orchestrator,recovery,,na,0d1bbe3,Pipeline green after smoke test defect fix
2026-06-05T17:35:42Z,oxo-online,2,002-local-game,orchestrator,deploy,,success,0d1bbe3,Slice 002 live in production — game board at root route
2026-06-05T17:35:48Z,oxo-online,2,002-local-game,tester,task_start,,na,,In-prod validation of slice 002 — local two-player game
2026-06-05T17:45:00Z,oxo-online,2,002-local-game,tester,task_end,575,success,slice002-validation.spec.ts,"10/10 Playwright tests pass against https://d3pf3kcvzpau1x.cloudfront.net; all 6 SMs + T1+T3+S1+S2 green; no defects"
2026-06-05T17:39:41Z,oxo-online,2,002-local-game,tester,task_end,213,success,0d1bbe3,10/10 ACs pass in prod; T1/S2 zero network; S1 closed value set confirmed
2026-06-05T17:39:45Z,oxo-online,2,002-local-game,documenter,task_start,,na,,Update docs/usage.md for slice 002
2026-06-05T17:42:00Z,oxo-online,2,002-local-game,documenter,task_end,135,success,work/oxo-online/docs/usage.md,Created docs/usage.md; local two-player game documented; all claims traceable to result.md and acceptance.md
2026-06-05T17:40:46Z,oxo-online,2,002-local-game,documenter,task_end,50,success,,docs/usage.md created for slice 002
2026-06-05T17:47:03Z,oxo-online,3,003-ai-opponent,product,task_start,,na,,Proposing slice 003 — single-player vs AI (Chunk 3)
2026-06-05T17:52:00Z,oxo-online,3,003-ai-opponent,product,task_end,300,success,slices/003-ai-opponent/slice.md,slice.md written for 003-ai-opponent; 6 success measures; minimax AI; unbeatable property; scope and exclusions defined
2026-06-05T17:48:22Z,oxo-online,3,003-ai-opponent,product,task_end,58,success,,slice.md written for 003-ai-opponent; 6 success measures
2026-06-05T17:50:12Z,oxo-online,3,003-ai-opponent,solution-architect,task_start,,na,,"Architecture-lite path (§21) — C2-3 pre-tagged client-only; confirm no backend, write brief delta + security conclusion"
2026-06-05T17:58:00Z,oxo-online,3,003-ai-opponent,solution-architect,task_end,180,success,architecture/deltas/003-ai-opponent.md,Lite path — C2-3 no-backend tag confirmed; delta + acceptance.md written; security conclusion: no new attack surface/data flow/trust boundary; current.md C3 marked in progress
2026-06-05T17:51:38Z,oxo-online,3,003-ai-opponent,solution-architect,task_end,64,success,,Arch-lite delta written; C2-3 tag confirmed; security conclusion = no new attack surface/data flow/trust boundary; acceptance.md co-authored
2026-06-05T18:10:25Z,oxo-online,3,003-ai-opponent,cicd,task_start,,na,,"Capabilities check — pure frontend slice, no pipeline change expected"
2026-06-05T18:11:30Z,oxo-online,3,003-ai-opponent,cicd,task_end,65,success,,"Pipeline confirmed unchanged; capabilities.md updated with slice 003 section; no new infra, secrets, or pipeline steps"
2026-06-05T18:10:25Z,oxo-online,3,003-ai-opponent,engineer,task_start,,na,,Thin route through acceptance cases for AI opponent
2026-06-05T18:12:51Z,oxo-online,3,003-ai-opponent,cicd,task_end,43,success,,Pipeline unchanged; capabilities.md slice 003 section added
2026-06-05T18:12:51Z,oxo-online,3,003-ai-opponent,engineer,task_end,113,success,,"Route written — 4 phases: A (pure minimax), B (mode selector), C (GameRoot wired), D (policy tests)"
2026-06-05T18:12:51Z,oxo-online,3,003-ai-opponent,engineer,task_start,,na,,TDD build — phases A-D
2026-06-05T18:37:38Z,oxo-online,3,003-ai-opponent,engineer,task_end,1434,success,9d3f287,62/62 tests pass; lint clean; build clean; game-tree exhaustion no X-wins; AI <200ms
2026-06-05T18:37:39Z,oxo-online,3,003-ai-opponent,orchestrator,gate,,success,GATE-4-S003,"Gate 4 auto-approved: 62/62 tests, lint clean, build clean, application-only diff"
2026-06-05T18:42:28Z,oxo-online,3,003-ai-opponent,orchestrator,failure,,na,fb7be28,Pipeline failed — investigating
2026-06-05T18:47:20Z,oxo-online,3,003-ai-opponent,orchestrator,recovery,,na,0aaa5a8,Pipeline green after smoke selector fix
2026-06-05T18:47:21Z,oxo-online,3,003-ai-opponent,orchestrator,deploy,,success,0aaa5a8,Slice 003 live — AI opponent at production URL
2026-06-05T18:47:21Z,oxo-online,3,003-ai-opponent,tester,task_start,,na,,In-prod validation of slice 003 — single-player vs AI
2026-06-05T19:05:00Z,oxo-online,3,003-ai-opponent,tester,task_end,1059,success,slice003-validation.spec.ts,"11/11 slice-003 ACs pass; 10/10 slice-002 regression pass; F1-F6+T5+T7+S1 all green; AI <200ms; no network; X never wins; slice 003 done"
2026-06-05T18:51:55Z,oxo-online,3,003-ai-opponent,tester,task_end,253,success,0aaa5a8,21/21 pass; AI 47ms; X-wins = 0; T7 two-player regression clean
2026-06-05T18:51:56Z,oxo-online,3,003-ai-opponent,documenter,task_start,,na,,Update docs/usage.md for slice 003 — adding vs Computer mode
2026-06-05T19:10:00Z,oxo-online,3,003-ai-opponent,documenter,task_end,498,success,work/oxo-online/docs/usage.md,usage.md updated: mode selector documented; vs Computer section added; two-player section preserved; AI unbeatable + 47ms noted; no forward references
2026-06-05T18:52:57Z,oxo-online,3,003-ai-opponent,documenter,task_end,50,success,,docs/usage.md updated for slice 003; vs Computer mode documented
2026-06-05T19:03:55Z,oxo-online,4,focus-retro,orchestrator,gate,,success,RETRO-PROMPTS,"Focus retro: permission prompts from compound commands. v12→v13. §25 working-dir convention, §26 committed settings.json. CLAUDE.md updated."
2026-06-05T19:12:05Z,oxo-online,5,004-planning,orchestrator,task_start,,na,,slice-next for chunk 4 online two-player
2026-06-05T19:12:08Z,oxo-online,5,004-planning,product,task_start,,na,,propose next smallest slice from chunk 4 online two-player
2026-06-05T19:12:52Z,oxo-online,5,004-create-game,product,task_start,,na,SLICE-NEXT-004,Product proposing slice 004 — thinnest first slice of Chunk 4 (create game + shareable code)
2026-06-05T19:13:29Z,oxo-online,5,004-create-game,product,task_end,,success,work/oxo-online/slices/004-create-game/slice.md,slice.md written for 004-create-game; 5 success measures; HTTP-only create path; WS deferred to s005
2026-06-05T19:13:46Z,oxo-online,5,004-planning,product,task_end,70,success,,slice 004-create-game proposed; slice.md written
2026-06-05T19:17:07Z,oxo-online,5,004-create-game,orchestrator,gate,,success,GATE-2-S004,Gate 2 approved by human: slice 004-create-game
2026-06-05T19:17:08Z,oxo-online,5,004-create-game,solution-architect,task_start,,na,,architecture delta + security review for 004-create-game
2026-06-05T19:20:16Z,oxo-online,5,004-create-game,solution-architect,task_end,156,success,work/oxo-online/architecture/deltas/004-create-game.md,Delta 004: HTTP API + oxo-game-fn (PutItem Games only) + Games table + CF /api/* (CachingDisabled). New OxoGameStack. New surface/flow/boundary; WAF deferred. current.md C4 in progress.
2026-06-05T19:20:38Z,oxo-online,5,004-create-game,solution-architect,task_end,156,success,,arch delta + security review written; new surface/flow/boundary — Gate 3 requires human sign-off
2026-06-05T19:21:28Z,oxo-online,5,004-create-game,orchestrator,gate,,success,GATE-3-S004,Gate 3 approved: arch delta + security; first backend slice; WAF deferred; deploy order noted
2026-06-05T19:23:10Z,oxo-online,5,004-create-game,orchestrator,task_end,900,success,,slice-next complete: slice.md + arch delta + security + acceptance.md all written; ready for /iteration-run
2026-06-05T19:24:18Z,oxo-online,5,004-create-game,orchestrator,task_start,,na,,iteration-run start: capabilities → route → build → deploy → validate → document → retro
2026-06-05T19:24:23Z,oxo-online,5,004-create-game,cicd,task_start,,na,,"extend pipeline for OxoGameStack: CDK ordering, Lambda deploy, oxo-deploy role extension"
2026-06-05T19:28:00Z,oxo-online,5,004-create-game,cicd,task_end,207,success,,"game-stack.ts stub; bin/app.ts OxoGameProd before OxoOnlineProd; infra pipeline dual-stack diff+deploy; app pipeline Lambda update step; STACK_ORDER.md; DEPLOY_ROLE_EXTENSIONS.md; capabilities.md slice 004; TSC clean"
2026-06-05T19:29:41Z,oxo-online,5,004-create-game,cicd,task_end,207,success,,"pipeline extended: OxoGameProd+OxoOnlineProd deploy order, Lambda update step, stack stub; blocker: oxo-deploy role needs lambda perms before first Lambda deploy"
2026-06-05T19:29:46Z,oxo-online,5,004-create-game,engineer,task_start,,na,,thin route through acceptance cases for 004-create-game
2026-06-05T19:49:01Z,oxo-online,1,004-create-game,engineer,task_start,,na,S004-STEP9,Step 9-11: Play Online UI flow + OIDC lambda deploy perms
2026-06-05T20:08:45Z,oxo-online,1,004-create-game,engineer,task_end,,success,S004-STEP9-11,Steps 9-11 landed: Play Online UI (F1/F2/F3/F4/F5) + OIDC lambda deploy scope (T4/S2). 67 app + 19 infra green.
2026-06-05T20:11:34Z,oxo-online,4,004-create-game,cicd,task_start,,na,GATE-4-S004,"Steps 12-13: pipeline wiring review, deploy-oidc, infra workflow push, Lambda fn name capture"
2026-06-05T20:33:39Z,oxo-online,4,004-create-game,cicd,deploy,,success,b2fa3bb,Step 12: OxoGameProd deployed (Lambda oxo-game-fn + Games table + HTTP API); infra run 27038118383 green
2026-06-05T20:33:43Z,oxo-online,4,004-create-game,cicd,deploy,,success,b2fa3bb,Step 12: OxoOnlineProd deployed (CF /api/* -> HTTP API CachingDisabled); infra run 27038118383 green
2026-06-05T20:33:49Z,oxo-online,4,004-create-game,cicd,deploy,,success,27037721898,Step 13: App pipeline green — SPA sync + CF invalidation + Lambda update gated correctly; app run 27037721898 re-run green
2026-06-05T20:33:59Z,oxo-online,4,004-create-game,cicd,pipeline_failure,,fail,53608e4,Infra workflow failed: npm ci cross-platform lock mismatch (emnapi missing); fix: npm install
2026-06-05T20:33:59Z,oxo-online,4,004-create-game,cicd,pipeline_failure,,fail,1e41798,Infra workflow failed: CannotFindAsset lambda dist/ not built; fix: add Lambda install+build steps
2026-06-05T20:33:59Z,oxo-online,4,004-create-game,cicd,pipeline_failure,,fail,1e41798,Infra workflow failed: OxoOnlineProd deployed before export existed (CDK batch parallel); fix: split into two sequential deploy steps
2026-06-05T20:33:59Z,oxo-online,4,004-create-game,cicd,pipeline_recovery,,rolled_forward,b2fa3bb,All three CI failures resolved by roll-forward fixes in sequential commits; infra run 27038118383 green
2026-06-05T20:34:07Z,oxo-online,4,004-create-game,cicd,task_end,1260,success,b2fa3bb,"Steps 12-13 complete: pipeline wired, OIDC updated, infra deployed, app pipeline confirmed green, GH var set"
2026-06-05T21:00:00Z,oxo-online,5,004-create-game,tester,task_start,,na,SLICE-004-VALIDATION,Tester starting steps 14-16 production validation for slice 004-create-game
2026-06-05T21:45:00Z,oxo-online,5,004-create-game,tester,failure,,fail,SLICE-004-VALIDATION,"F1/F2/F3 FAIL: CloudFront /api/* forwards full path /api/games to HTTP API which only has route POST /games — 404 from origin; CF error page returns index.html. Direct HTTP API works (201+code). T1/S1 pass via direct endpoint. T2/T3/T5/S2/S3 pass. F4/F5 pass. Defect handed to engineering."
2026-06-05T21:46:00Z,oxo-online,5,004-create-game,tester,task_end,2760,fail,a5d1d7a,"Steps 14-16 complete. Smoke spec committed (a5d1d7a). MTTR clock running — 2/5 smoke tests fail; defect: CF path mismatch /api/games vs POST /games. T2/T3/T4/T5/S1/S2/S3 green. F1/F2/F3/T1-via-CF blocked by defect."
2026-06-05T20:50:02Z,oxo-online,1,004-create-game,engineer,task_start,,na,DEFECT-004-001,Fix CF /api/* -> HTTP API path mismatch: route key POST /games returns 404
2026-06-05T21:00:47Z,oxo-online,1,004-create-game,engineer,task_end,720,success,d4cc195,"DEFECT-004-001 local fix green: route key POST /api/games; infra 19/19, app 67/67, cdk synth OxoGameProd+OxoOnlineProd clean. No deploy — recovery pending prod validation."
2026-06-06T07:00:59Z,oxo-online,5,004-create-game,tester,task_start,,na,DEFECT-004-001,Re-validating DEFECT-004-001 fix (d4cc195 -> route key POST /api/games) in production
2026-06-06T07:04:20Z,oxo-online,5,004-create-game,tester,recovery,,success,d4cc195,"DEFECT-004-001 resolved: POST /api/games via CF returns 201 JSON {gameId,code}; 30/30 smoke tests pass; F1/F2/F3 green; T1 DynamoDB verified; MTTR clock closed (failure 2026-06-05T21:45Z)"
2026-06-06T07:04:25Z,oxo-online,5,004-create-game,tester,task_end,600,success,d4cc195,DEFECT-004-001 re-validation PASS: 30/30 smoke tests green; F1 code=GZU3U2 in 1305ms; F2 code matches /^[A-HJ-NP-Z2-9]{6}$/; F3 elapsed<3s; T1 DynamoDB status=waiting ttl=24.00h; slice 004 done
2026-06-06T07:10:00Z,oxo-online,5,004-create-game,documenter,task_start,,na,d4cc195,Updating usage.md for slice 004-create-game (Play Online + backend)
2026-06-06T07:15:00Z,oxo-online,5,004-create-game,documenter,task_end,300,success,work/oxo-online/docs/usage.md,usage.md updated: Play Online mode + 6-char code + error handling + backend deploy instructions; all claims traceable to result.md and acceptance.md
2026-06-06T07:12:42Z,oxo-online,5,004-create-game,orchestrator,gate,,success,RETRO-S004,Retro complete; process v13->v14: auto-retro + parallel documenter + cross-stack contract tests + CFR convention
2026-06-06T08:35:29Z,oxo-online,5,004-create-game,orchestrator,gate,,success,PROCESS-V15,Process v15: improvement slices + tools-over-permissions + chunk plan; IMP-001 delivered
2026-06-06T08:40:58Z,oxo-online,5,004-create-game,engineer,task_start,,na,,IMP-002 validation-as-code framework: validation playwright project + pinned specs + validation_run provenance
2026-06-06T08:44:46Z,oxo-online,5,004-create-game,tester,validation_run,,success,a9fb9f1dc9e4983cc9c7d17d95f211dd3be3c7b1:api-contract,"slice004-api-contract.spec.ts vs CloudFront prod: 3/3 passed (F2,T1-response,S1,T2-observable)"
2026-06-06T08:44:46Z,oxo-online,5,004-create-game,tester,validation_run,,success,a9fb9f1dc9e4983cc9c7d17d95f211dd3be3c7b1:aws-policy,"slice004-aws-policy.spec.ts vs live AWS dev-int/eu-west-2: 4/4 passed (T1-persisted,S1-stored,T3,T5,T2)"
2026-06-06T08:45:26Z,oxo-online,5,004-create-game,engineer,task_end,,success,a9fb9f1dc9e4983cc9c7d17d95f211dd3be3c7b1,IMP-002 framework + slice004 pinned validation specs (7/7 vs prod); validation_run provenance documented
2026-06-06T08:50:09Z,oxo-online,5,004-create-game,orchestrator,gate,,success,PROCESS-V17,"v17: improvement routing + parameterised operations; IMP-002 delivered (8cb2b7a), IMP-003 delivered"
2026-06-06T08:52:00Z,oxo-online,6,005-planning,orchestrator,task_start,,na,,slice-next for chunk C4 slice 005
2026-06-06T08:52:37Z,oxo-online,6,005-join-game,product,task_start,,na,,Proposing slice 005: join-by-code + WebSocket connect
2026-06-06T08:54:41Z,oxo-online,6,005-join-game,product,task_end,,success,,"slice.md + chunk-plan.md committed 80a0578; WebSocket over polling, direct WSS not CloudFront-proxied"
2026-06-06T09:00:52Z,oxo-online,6,005-join-game,orchestrator,gate,,success,GATE-2-S005,Gate 2 approved by human: slice 005-join-game
2026-06-06T09:01:17Z,oxo-online,6,005-join-game,solution-architect,task_start,,na,,arch delta + security review for join-game WS slice
2026-06-06T09:05:55Z,oxo-online,6,005-join-game,solution-architect,task_end,540,success,,"s005 full delta + GATE3 security review committed 04819d4; WS API in OxoGameProd, oxo-ws-fn scoped, no-hijack conditional writes, open risks enumerated"
2026-06-06T11:49:44Z,oxo-online,6,005-join-game,orchestrator,gate,,success,GATE-3-S005,Gate 3 approved; risks 1-3 deferred to named hardening slices
2026-06-06T11:50:21Z,oxo-online,6,005-join-game,product,task_start,,na,,use-case decomposition and acceptance cases for s005
2026-06-06T11:51:53Z,oxo-online,6,005-join-game,orchestrator,gate,,success,PROCESS-V18,v18: use-case construct beneath slices for parallel builds
2026-06-06T11:53:08Z,oxo-online,6,005-join-game,product,task_end,,ok,,"use-cases.md (5 UCs, dependency graph), acceptance.md (10 F-cases), chunk-plan.md (3 hardening slices + s005 status updated)"
2026-06-06T11:53:54Z,oxo-online,6,005-join-game,solution-architect,task_start,,na,,Append technical/security-policy acceptance cases for slice 005-join-game
2026-06-06T11:55:34Z,oxo-online,6,005-join-game,solution-architect,task_end,,success,,"Appended T1-T10/S1-S5 acceptance cases (15 cases) for s005, committed e0a4e3e"
2026-06-06T11:56:22Z,oxo-online,6,005-planning,orchestrator,task_end,,success,,slice-next complete: slice.md + use-cases.md + arch delta + security + 25 acceptance cases; hardening slices h1-h3 queued; ready for iteration-run
2026-06-06T11:58:53Z,oxo-online,6,005-join-game,product,task_start,,na,,
2026-06-06T11:59:02Z,oxo-online,6,005-join-game,orchestrator,gate,,success,PROCESS-V19,v19: open-items register + DORA-first/core-job-first selection rule
2026-06-06T12:00:21Z,oxo-online,6,005-join-game,product,task_end,,na,,
2026-06-06T12:02:25Z,oxo-online,6,005-join-game,orchestrator,task_start,,na,,"iteration-run start: capabilities + route in parallel, then parallel UC build, deploy, validate, auto-retro"
2026-06-06T12:03:06Z,oxo-online,6,005-join-game,engineer,task_start,,na,,route
2026-06-06T12:03:19Z,oxo-online,6,005-join-game,cicd,task_start,,na,,"Pipeline/rollback capabilities for slice 005: ws-fn hot-swap, wss URL injection, OIDC extension, capabilities.md update"
2026-06-06T12:06:03Z,oxo-online,6,005-join-game,engineer,task_end,,success,,route.md committed 57146be
2026-06-06T12:07:21Z,oxo-online,6,005-join-game,cicd,task_end,,success,,"Pipeline extended: ws-fn hot-swap, wss URL injection via config.js, OIDC extensions staged, capabilities.md updated, GH var set, open items appended"
2026-06-06T12:07:52Z,oxo-online,6,005-join-game,engineer,task_start,,na,,Set B build
2026-06-06T12:08:08Z,oxo-online,6,005-join-game,engineer,task_start,,na,,Set A build
2026-06-06T12:11:16Z,oxo-online,6,005-join-game,cicd,task_start,,na,pipeline-fix,Hardening WS+game Lambda deploy steps to skip gracefully when function not yet provisioned
2026-06-06T12:15:44Z,oxo-online,6,005-join-game,engineer,task_end,,success,,"Set B B1-B4 green: join screen, error messages, online board, mocked game-ready transition; 85 app tests"
2026-06-06T12:17:51Z,oxo-online,6,005-join-game,orchestrator,gate,,success,PROCESS-V20,v20: scheduling over compensation; premature WS var deleted; pipeline-hardening dispatch cancelled
2026-06-06T12:27:39Z,oxo-online,6,005-join-game,engineer,task_end,,success,,"Set A + D1: A0.1-A0.6 infra, A1 connect/register, A2 4040/4500, A4 4041, D1 contract; 40 infra + 16 unit green; synth all stacks ok"
2026-06-06T12:31:12Z,oxo-online,6,005-join-game,orchestrator,gate,,success,PROCESS-V21,v21: use-case flags over worktrees; synth-infra target added
2026-06-06T12:31:41Z,oxo-online,6,005-join-game,engineer,task_start,,na,,Set C integration
2026-06-06T12:39:33Z,oxo-online,6,005-join-game,engineer,task_end,,success,,Set C C1+C2 merged: join happy-path fan-out + real WS factory; lambda20/infra40/app93 green
2026-06-06T12:44:56Z,oxo-online,6,005-join-game,orchestrator,gate,,success,PROCESS-V22,v22: hexagonal + supportability standard; OI-17/18/19 registered
2026-06-06T12:50:36Z,oxo-online,6,005-join-game,orchestrator,gate,,success,GATE-4-S005,Gate 4 approved: deploy s005 as built; hexagonal refactor scheduled s006
2026-06-06T12:52:39Z,oxo-online,6,005-join-game,cicd,task_start,,na,GATE-4-S005,E0-E3 deploy phase: build-wiring fix + OIDC extension + infra pipeline + config injection
2026-06-06T12:55:57Z,oxo-online,6,005-join-game,cicd,deploy,,success,OxoOnlineOidcStack,E1: deploy-oidc applied WsLambdaCodeDeploy (oxo-ws-fn in LambdaCodeDeploy resource list); DescribeStacks covered by existing CdkDeploy wildcard; DeployRole/DefaultPolicy updated in 26s
2026-06-06T12:58:20Z,oxo-online,6,005-join-game,cicd,pipeline_failure,,fail,27062892736,E2 infra run failed: WsFunctionRole IAM description contains em-dash (U+2014) outside IAM-allowed charset; roll-forward fix: replace em-dash with ASCII hyphen in game-stack.ts
2026-06-06T13:02:05Z,oxo-online,6,005-join-game,cicd,pipeline_recovery,,rolled_forward,27062954835,E2: IAM em-dash fix rolled forward; infra pipeline green in 2m34s
2026-06-06T13:02:12Z,oxo-online,6,005-join-game,cicd,deploy,,success,bc4f759:OxoGameProd,"E2: OxoGameProd deployed — WS API (4 routes, prod stage), oxo-ws-fn, Connections table, code-index GSI, WsApiEndpoint + WsLambdaFunctionName outputs; infra run 27062954835"
2026-06-06T13:02:17Z,oxo-online,6,005-join-game,cicd,deploy,,success,bc4f759:OxoOnlineProd,E2: OxoOnlineProd deployed — no resource change expected; infra run 27062954835
2026-06-06T13:05:58Z,oxo-online,6,005-join-game,cicd,deploy,,success,b60ec54:app-27062892741,E3: SPA sync + CloudFront invalidation + config.js written with wss://ylbzjuo8lf.execute-api.eu-west-2.amazonaws.com/prod + smoke tests green; GH var OXO_ONLINE_WS_LAMBDA_FUNCTION_NAME=oxo-ws-fn set; oxo-ws-fn code 6054 bytes (real handlers) deployed by infra pipeline
2026-06-06T13:06:05Z,oxo-online,6,005-join-game,cicd,task_end,,success,bc4f759,"E0-E3 complete: build wiring fixed, OIDC updated, OxoGameProd+OxoOnlineProd deployed, GH var set, config.js wss URL verified, app pipeline green"
2026-06-06T13:09:16Z,oxo-online,7,s005-h1,product,task_start,,na,,
2026-06-06T13:11:19Z,oxo-online,7,s005-h1,product,task_end,,success,,
2026-06-06T13:14:06Z,oxo-online,6,005-join-game,orchestrator,gate,,success,RETRO-TOOLING-V23,v23: tooling self-service for all agents; cicd owns allowlist; Makefile roles disambiguated
2026-06-06T13:19:07Z,oxo-online,6,005-join-game,tester,validation_run,,fail,02e85e7:validation,tests/validation FAILED via make validate
2026-06-06T13:19:17Z,oxo-online,6,005-join-game,tester,validation_run,,success,02e85e7:smoke,tests/smoke green via make smoke
2026-06-06T13:19:32Z,oxo-online,6,005-join-game,tester,validation_run,,fail,02e85e7:smoke,tests/smoke FAILED via make smoke
2026-06-06T13:19:56Z,oxo-online,6,005-join-game,tester,task_start,,na,8449f07,Tester starting validation of slice 005-join-game in production
2026-06-06T13:20:01Z,oxo-online,6,005-join-game,tester,failure,,fail,8449f07,DEFECT-005-001: WS close mechanism broken - Lambda non-2xx does not send custom close codes; register handler ConditionalCheckFailedException on null hostConnectionId; F1/F3/F4/T1/T4/T5 FAIL
2026-06-06T13:21:29Z,oxo-online,6,005-join-game,tester,validation_run,,fail,02e85e7:validation,tests/validation FAILED via make validate
2026-06-06T13:22:10Z,oxo-online,6,005-join-game,tester,validation_run,,fail,02e85e7:validation,tests/validation FAILED via make validate
2026-06-06T13:23:15Z,oxo-online,6,005-join-game,tester,task_end,5400,fail,60e092e,"Slice 005 FAIL: DEFECT-005-001 open. Specs committed (smoke: 34/38 pass pre-defect, 4 fail; validation: 12/14 pass, T2+T3 and T5 fail). WS close mechanism broken — game-ready not delivered, close codes wrong. Hand to engineer."
2026-06-06T13:26:34Z,oxo-online,6,005-join-game,engineer,task_start,,na,DEFECT-005-001,
2026-06-06T13:38:33Z,oxo-online,6,005-join-game,engineer,deploy,,na,DEFECT-005-001,
2026-06-06T13:43:48Z,oxo-online,6,005-join-game,engineer,task_end,,na,DEFECT-005-001,
2026-06-06T13:47:36Z,oxo-online,6,005-join-game,tester,validation_run,,fail,3880361:smoke,tests/smoke FAILED via make smoke
2026-06-06T13:46:51Z,oxo-online,6,005-join-game,tester,validation_run,,success,c2c6169:smoke,tests/smoke green via make smoke
2026-06-06T13:46:51Z,oxo-online,6,005-join-game,orchestrator,gate,,success,PRINCIPLE-01-VERSION,principles/01 version-identifiable deployments routed to 5 agent defs; OI-25 registered
2026-06-06T13:50:21Z,oxo-online,6,005-join-game,cicd,task_start,,na,DEFECT-005-001,Pipeline fixes OI-23+OI-24: CF invalidation wait + hot-swap removal
2026-06-06T13:51:09Z,oxo-online,6,005-join-game,cicd,task_end,,success,ba94a87,OI-23 CF invalidation wait added; OI-24 hot-swap removed; OI-20 resolved by consequence
2026-06-06T13:53:33Z,oxo-online,6,005-join-game,tester,validation_run,,fail,8d5c23a:smoke,tests/smoke FAILED via make smoke
2026-06-06T13:54:58Z,oxo-online,6,005-join-game,tester,validation_run,,fail,1d8f730:validation,tests/validation FAILED via make validate
2026-06-06T13:55:00Z,oxo-online,6,005-join-game,orchestrator,gate,,success,PROCESS-V24,v24: optimal-concise-necessary replaces size-minimisation framing in §36 + refactor-process
2026-06-06T13:55:29Z,oxo-online,6,005-join-game,tester,task_start,,na,0fa1187,Tester re-validating DEFECT-005-001 fix at c2c6169 — MTTR clock running
2026-06-06T13:55:55Z,oxo-online,6,005-join-game,tester,task_end,,fail,0fa1187,"DEFECT-005-001 re-validation FAIL: register_failed (UpdateItem on Connections denied by IAM) causes F1/T1/F7/T2+T3/T5 to fail; F3/T4 error message race condition. Smoke 34/38, validation 12/14. Hand to engineer."
2026-06-06T14:01:42Z,oxo-online,6,005-join-game,engineer,task_start,,na,DEFECT-005-001-R2,register Connections Update->Put (IAM contract); error-frame/close race fix both sides
2026-06-06T14:41:00Z,oxo-online,6,005-join-game,engineer,deploy,,success,736f7b6:infra,"OxoGameProd+OxoOnlineProd deploy: lambda register Put fix, drain, GONE-host 4041, CSP wss connect-src"
2026-06-06T14:41:00Z,oxo-online,6,005-join-game,engineer,task_end,,success,DEFECT-005-001-R2,"5 fixes red->green: register Put, server drain, client grace, GONE-host 4041, config.js wiring, CSP wss. Pairing+error frames live-verified via node ws+smoke. F7 smoke timeout = tester harness (.click on inert cells)."
2026-06-06T14:49:50Z,oxo-online,6,005-join-game,tester,validation_run,,success,15c32c9:smoke,tests/smoke green via make smoke
2026-06-06T14:50:19Z,oxo-online,6,005-join-game,tester,validation_run,,success,15c32c9:smoke,tests/smoke green via make smoke
2026-06-06T14:50:30Z,oxo-online,6,005-join-game,tester,validation_run,,fail,15c32c9:validation,tests/validation FAILED via make validate
2026-06-06T14:55:29Z,oxo-online,6,005-join-game,tester,validation_run,,success,15c32c9:validation,tests/validation green via make validate
2026-06-06T14:56:58Z,oxo-online,6,005-join-game,tester,recovery,5807,success,ff06b15:DEFECT-005-001,"DEFECT-005-001 closed: 38/38 smoke + 14/14 validation green. R2 engineer fixes (register PutCommand, drain+grace, GONE-host 4041, config.js load order, CSP wss) + tester harness fixes (F7 disabled assert, validation JSDoc parse error). MTTR 1h36m47s from failure at 13:20Z"
2026-06-06T14:59:19Z,oxo-online,6,005-join-game,orchestrator,task_end,,success,SLICE-005-DELIVERED,iteration 6 delivered; auto-retro starting
2026-06-06T15:00:36Z,oxo-online,6,005-join-game,documenter,task_start,,na,ff06b15,Documenter writing usage.md + first runbook for slice 005-join-game
2026-06-06T15:03:14Z,oxo-online,6,005-join-game,documenter,task_end,420,success,ff06b15,"usage.md updated (join flow, stale claims removed); runbook.md created (first edition, 8 sections)"
2026-06-06T15:03:22Z,oxo-online,6,005-join-game,orchestrator,gate,,success,RETRO-S005,retro v25: walking-skeleton probe + code-policy contract; IMP-004/005 queued; full scoring in v24 snapshot
2026-06-06T15:10:05Z,oxo-online,6,005-join-game,orchestrator,gate,,success,PROCESS-REFACTOR-V26,Process v25->v26 refactor: stage-based restructure; agent-specific rules routed to agent defs; one current baseline; obligations preserved
2026-06-06T15:17:51Z,oxo-online,6,005-join-game,orchestrator,gate,,success,RETRO-S005-TESTER-INPUT,Retro v26->v27: raise quality into tester (constraint). Real-browser skeleton probe over node false-green; Playwright MCP for discovery (not redundant with committed specs=regression); wire-on-deploy + code-policy contracts; IMP-006 queued. Targets MTTR + tester
2026-06-06T15:24:18Z,oxo-online,6,005-join-game,orchestrator,gate,,success,PROCESS-V28,v28: local standability + engineer browser tests; OI-28 registered
2026-06-06T15:28:09Z,oxo-online,6,005-join-game,orchestrator,gate,,success,IMP-006-DEFERRED,Playwright MCP deferred with re-proposal trigger; browser-probe rules in force regardless
2026-06-06T15:30:02Z,oxo-online,7,s005-h1-waf,orchestrator,gate,,success,GATE-2-H1,Gate 2 approved: s005-h1 WAF slice
2026-06-06T15:31:06Z,oxo-online,7,s005-h1-waf,solution-architect,start,,na,,architecture delta + security review for WAF slice
2026-06-06T15:32:47Z,oxo-online,7,s005-h1-waf,orchestrator,gate,,success,REGION-POLICY,single-region default routed to aws-architecture skill + architect def
2026-06-06T15:35:09Z,oxo-online,7,s005-h1-waf,solution-architect,end,,success,,"WAF delta + security review: wafv2.md, cross-region us-east-1 stack, deploy-role + stack-order staged"
2026-06-06T15:42:23Z,oxo-online,7,s005-h1-waf,orchestrator,gate,,success,GATE-3-H1,Gate 3 approved; 4 risks accepted
2026-06-06T15:42:23Z,oxo-online,7,s005-h1-waf,orchestrator,task_start,,na,,"iteration-run start: capabilities + route parallel, UC1//UC2 build, skeleton probe, deploy, validate, auto-retro"
2026-06-06T15:43:19Z,oxo-online,7,s005-h1-waf,cicd,task_start,,na,,"s005-h1-waf capability step: infra workflow WAF stack ordering, us-east-1 bootstrap check, allowlist WAFv2 verbs, pre-flight, capabilities.md"
2026-06-06T15:43:35Z,oxo-online,7,s005-h1-waf,engineer,task_start,,na,route-authoring,Lay TDD route for s005-h1-waf (route.md only)
2026-06-06T15:44:59Z,oxo-online,7,s005-h1-waf,cicd,task_end,,success,,workflow WAF stack ordering done; us-east-1 bootstrap absent (OI-29); WAFv2 allowlist added; pre-flight documented; capabilities.md s005-h1 section written; STACK_ORDER.md §39 order + bootstrap note added; open-items OI-29+OI-30
2026-06-06T15:46:02Z,oxo-online,7,s005-h1-waf,engineer,task_end,480,success,39d6187,"Authored route.md for s005-h1-waf (12 steps, 5 phases); committed+pushed. Principle deviation logged: bare commit swept pre-staged cicd WIP."
2026-06-06T15:47:44Z,oxo-online,7,s005-h1-waf,engineer,task_start,,na,,UC1 build
2026-06-06T15:48:07Z,oxo-online,7,s005-h1-waf,engineer,task_start,,na,,UC2 build
2026-06-06T15:53:26Z,oxo-online,7,s005-h1-waf,engineer,task_end,360,success,84fb3fd:waf-uc1,UC1 S1-3: global CLOUDFRONT WebACL + cross-region webAclId handoff; 16 owned tests; full infra 67/67; synth all stacks green
2026-06-06T15:53:31Z,oxo-online,7,s005-h1-waf,engineer,task_end,307,success,bd8ca26:waf-uc2,"UC2 steps 4-6: regional WS WebACL+prod-stage association (SYNTH-CONTRACT-WAF-3/4) + oxo-deploy WAFv2/CloudFront grants (Step6 ORDER-WAF-1). 11 owned tests red->green; full infra 67/67; all 4 stacks synth green. Committed d590c51,bd8ca26 to local main; push blocked by classifier (orchestrator must push)."
2026-06-06T15:56:29Z,oxo-online,7,s005-h1-waf,cicd,pipeline_failure,,fail,27066828546,"infra runs raced prerequisites: WAF deploy before deploy-oidc grants/bootstrap; pre-prod, no impact"
2026-06-06T15:56:29Z,oxo-online,7,s005-h1-waf,cicd,pipeline_recovery,,rolled_forward,OI-29-30,bootstrap + deploy-oidc now applied; rerun pending gate-4
2026-06-06T15:59:12Z,oxo-online,7,s005-h1-waf,orchestrator,gate,,success,GATE-AMEND-H1-A,Option A: descope WS regional ACL (platform constraint); CF global ACL proceeds; gate-4 roll-forward approved
2026-06-06T16:00:18Z,oxo-online,7,s005-h1-waf,engineer,task_start,,na,GATE-AMEND-H1-A,Option A rescope: drop UC2 WS WAFv2 (WAFv2 cannot associate API GW v2 WebSocket); roll deploy forward
2026-06-06T16:00:23Z,oxo-online,7,s005-h1-waf,solution-architect,task_start,,success,,GATE-AMEND-H1-A Option A rescope: UC2 regional WAF removed (WAFv2 cannot associate v2 APIs); docs+skill amend
2026-06-06T16:05:12Z,oxo-online,7,s005-h1-waf,solution-architect,task_end,,success,,s005-h1 amended: regional WS WebACL/UC2 removed (WAFv2 not assoc. v2 APIs); WS=stage throttle interim; per-IP to h2 authorizer; skill WAFv2-associability note added; current.md updated
2026-06-06T16:08:18Z,oxo-online,7,s005-h1-waf,engineer,deploy,,rolled_forward,GATE-AMEND-H1-A,infra run 27067096298: OxoOnlineWafUsEast1 (us-east-1) CREATE_COMPLETE global CLOUDFRONT WebACL
2026-06-06T16:08:18Z,oxo-online,7,s005-h1-waf,engineer,deploy,,rolled_forward,GATE-AMEND-H1-A,"infra run 27067096298: OxoGameProd descoped no-op (WAFv2 removed; WS+HTTP APIs in sync, zero WAFv2 resources)"
2026-06-06T16:08:18Z,oxo-online,7,s005-h1-waf,engineer,deploy,,rolled_forward,GATE-AMEND-H1-A,infra run 27067096298: OxoOnlineProd UPDATE_COMPLETE; CF dist E519HYABC57ZX WebACLId now arn:...global/webacl/oxo-online-cf-global (slice payload live)
2026-06-06T16:08:24Z,oxo-online,7,s005-h1-waf,engineer,recovery,,rolled_forward,GATE-AMEND-H1-A,"Recovered run 27066828546 failure (WsWebAclAssociation invalid ARN, WAFv2 unsupported on API GW v2) by descoping UC2 WS WAF and re-deploying green (run 27067096298)"
2026-06-06T16:11:36Z,oxo-online,7,s005-h1-waf,engineer,task_end,678,rolled_forward,GATE-AMEND-H1-A,"FINDING for UC3/tester: WAF rate rule (Limit 100, window 300s, Block) did NOT fire in a short synchronous burst — 0 BlockedRequests, 161 AllowedRequests (CloudWatch). Rate-based detection lags the burst; Lambda reserved-concurrency(10) returned 5xx instead. Probe pass=false BY DESIGN: needs sustained load over full 300s window. ACL real+associated (dist webAclId set). No ad-hoc threshold tuning per route."
2026-06-06T16:14:27Z,oxo-online,7,s005-h1-waf,tester,task_start,,na,cb25753,"UC3 validation start: AC1.x live check, AC3.1 sustained-rate spec authoring, AC3.2 stage-throttle/deferred, AC3.3-3.5 smoke regression; identity check first"
2026-06-06T16:22:01Z,oxo-online,7,s005-h1-waf,tester,validation_run,,fail,cb25753:validation,"17/18 passed; AC3.1 FAIL: 110 req @ 1.5s pace (170s burst) → 0 WAF 403 blocks (all 2xx). WAF rate rule did not fire. normalFlow status=200 (no game payload — possible 200+empty or CF cache hit on error). Engineering defect: sustained 110/300s from single IP produced 0 blocks; rule exists and is configured (limit=100, Block, us-east-1). AC1.x/DEPLOY-IDENTITY-WAF all passed."
2026-06-06T16:22:09Z,oxo-online,7,s005-h1-waf,tester,failure,,fail,cb25753:AC3.1,"DEFECT-WAF-001: WAF rate rule oxo-cf-rate-limit (Limit=100/300s, IP, Block, CLOUDFRONT, us-east-1) did not fire against 110 paced requests from a single IP over 170s. 0 HTTP 403s received (all 2xx). Rule is real, associated, configured. WAF appears not to count or block from this IP. Suspect: IP behind NAT/shared egress already below WAF's per-IP counter; or WAF evaluation counter does not accumulate across separate Lambda invocations; or rate-rule aggregation is not working as expected for CloudFront. MTTR clock starts now."
2026-06-06T16:25:51Z,oxo-online,7,s005-h1-waf,tester,task_end,,fail,cb25753,"DEFECT-WAF-001 confirmed: CF custom-error-responses 403->200+HTML masks WAF blocks. WAF IS firing (sustained probe + smoke failures prove it: /static/index-DBbZ7kvo.js returns HTML, not JS, when WAF blocks IP). But probe + spec see 2xx not 403. Two engineering actions needed: (1) CF custom error config must not catch WAF 403s (scope custom-error to non-WAF-error paths or use WAF custom-block response body that bypasses CF error handler); (2) AC3.1 spec must detect WAF blocks by content-type/body not just HTTP status. AC1.x/DEPLOY-IDENTITY-WAF passed. Smoke failures are secondary consequence of WAF blocking this IP."
2026-06-06T16:30:06Z,oxo-online,7,s005-h1-waf,tester,validation_run,,fail,35ca25e:smoke,"37/38 smoke passed after WAF window expired. F4/T5 (already-active: second joiner) FAILED with 30s timeout — 3-browser WS coordination failed to pair within 3s WS_JOIN_TIMEOUT; pre-existing flake unrelated to WAF slice (WAF window expired, F1/T1 WS pairing passed cleanly). WAF-slice smoke regressions: 0 (all WAF-introduced failures were secondary consequence of the IP block during AC3.1 probe run)."
2026-06-06T16:32:41Z,oxo-online,7,s005-h1-waf,engineer,task_start,,pending,DEFECT-WAF-001,"Fix DEFECT-WAF-001: WAF rate-rule Block returns CF-error-mapped 403->200+SPA HTML, masking blocks. Add WAFv2 CustomResponse responseCode=429 (CF custom-error only intercepts 403/404) so blocks are observable; update sustained probe + AC3.1 spec to expect 429."
2026-06-06T16:56:18Z,oxo-online,7,s005-h1-waf,engineer,deploy,,success,e523948,Infra pipeline green (run 27067866736): OxoOnlineWafUsEast1 updated — rate rule Block now returns custom HTTP 429 (DEFECT-WAF-001). Live WAF get-web-acl confirms Action.Block.CustomResponse.ResponseCode=429. CF error mapping (403/404->200+SPA) untouched.
2026-06-06T16:56:18Z,oxo-online,7,s005-h1-waf,engineer,task_end,1401,pass,e523948:DEFECT-WAF-001,"DEFECT-WAF-001 fixed + end-to-end USER symptom reproduced and pinned. WAF rate block now returns custom 429 (not CF-masked 403->200+SPA). Sustained probe (200 req @ 800ms): 200/200 HTTP 429 wafBlocked=200 pass=true (NOT SPA HTML). get-sampled-requests rule=oxo-cf-rate-limit returns 50 action=BLOCK on /api/games during the window. CloudWatch get-metric-statistics BlockedRequests still 0 after ~7min poll — WAFv2 CLOUDFRONT metric publication lag (sampled-requests already shows the blocks); will appear on the 5-min boundary. Infra tests 64 pass (added rate-rule 429 unit pin + cross-stack synth contract: WAF block code disjoint from CF CustomErrorResponses). Probe + AC3.1 spec updated 403->429. RESIDUAL: IP-reputation managed-group blocks still 403 (CF-masked to SPA 200) — CloudWatch-observable only, documented in waf-us-east-1-stack.ts; rate rule is the AC3.1 mechanism. NO recovery row — tester re-validates."
2026-06-06T16:59:53Z,oxo-online,7,s005-h1-waf,tester,task_start,,na,80bc2ef:revalidation-DEFECT-WAF-001,"Re-validation start: DEFECT-WAF-001 fix at e523948; probe profile decision (200@800ms), full validation+smoke suite"
2026-06-06T17:04:48Z,oxo-online,7,s005-h1-waf,tester,validation_run,,fail,80bc2ef:validation,tests/validation FAILED via make validate
2026-06-06T17:09:58Z,oxo-online,7,s005-h1-waf,tester,validation_run,,fail,80bc2ef:validation,tests/validation FAILED via make validate
2026-06-06T17:14:02Z,oxo-online,7,s005-h1-waf,tester,validation_run,,fail,80bc2ef:validation,tests/validation FAILED via make validate
2026-06-06T17:18:36Z,oxo-online,7,s005-h1-waf,tester,validation_run,,fail,80bc2ef:validation,tests/validation FAILED via make validate
2026-06-06T17:26:14Z,oxo-online,7,s005-h1-waf,tester,validation_run,,success,80bc2ef:validation,tests/validation green via make validate
2026-06-06T17:26:31Z,oxo-online,7,s005-h1-waf,tester,validation_run,,success,80bc2ef:smoke,tests/smoke green via make smoke
2026-06-06T17:30:28Z,oxo-online,7,s005-h1-waf,tester,validation_run,,success,80bc2ef:smoke,tests/smoke green via make smoke
2026-06-06T17:32:11Z,oxo-online,7,s005-h1-waf,tester,recovery,4851,rolled_forward,e523948:DEFECT-WAF-001,DEFECT-WAF-001 CLOSED: 18/18 validation + 38/38 smoke PASS. WAF Block=429 (not CF-masked 403). probe=200req@800ms wafBlocked=79 CW-BlockedRequests=103. MTTR=4851s (16:22:09Z fail -> 17:43:00Z validated).
2026-06-06T17:32:31Z,oxo-online,7,s005-h1-waf,tester,task_end,,success,80bc2ef:s005-h1-waf-done,s005-h1-waf DONE: 18/18 validation + 38/38 smoke green. DEFECT-WAF-001 closed (MTTR=4851s). Probe 200@800ms committed. CW dim fix (no Region=CloudFront). workers=1 validation config. result.md written.
2026-06-06T17:35:06Z,oxo-online,7,s005-h1-waf,orchestrator,task_end,,success,SLICE-H1-DELIVERED,iteration 7 delivered; auto-retro starting
2026-06-06T17:35:53Z,oxo-online,7,s005-h1-waf,orchestrator,gate,,success,RETRO-H1,retro v29: trunk-CD prereq corollary; WAF semantics to skill; scores in v28 snapshot
2026-06-06T17:36:02Z,oxo-online,7,s005-h1-waf,documenter,task_start,,na,DOCS-H1-WAF,Updating usage.md and runbook.md for s005-h1-waf WAF slice
2026-06-06T17:38:43Z,oxo-online,7,s005-h1-waf,documenter,task_end,,success,DOCS-H1-WAF,"docs/runbook.md: WAF §8 added (oxo-online-cf-global, us-east-1, symptoms 429+masked-403, build identity, cost, rollback); gaps updated. docs/usage.md: rate-limit known-limitation added."
2026-06-07T06:29:11Z,oxo-online,8,s005-h2-connect-auth,orchestrator,task_start,,na,,iteration 8 start: h2 connect authorizer; human standing approval to delivery+retro
2026-06-07T06:30:12Z,oxo-online,8,s005-h2-connect-auth,product,task_start,,na,GATE-2-H2,Product agent proposing s005-h2 connect-auth slice
2026-06-07T06:34:21Z,oxo-online,8,s005-h2-connect-auth,product,task_end,,success,GATE-2-H2,"slice.md + use-cases.md + chunk-plan.md written; token model: wsToken for host (POST /api/games ext), code as credential for guest (no new HTTP endpoint)"
2026-06-07T06:36:50Z,oxo-online,8,s005-h2-connect-auth,solution-architect,start,,na,,architecture delta + security review + technical acceptance: connect-auth
2026-06-07T06:42:36Z,oxo-online,8,s005-h2-connect-auth,solution-architect,finish,,success,,delta + lambda-authorizer.md + dynamodb-connectattempts.md + apigw-websocket close OI-2/per-IP; current.md updated; 10 T / 8 S cases; separate authorizer fn; SSM SecureString shared secret; WS IAM-policy response; cache TTL 0; no new deploy grant
2026-06-07T06:44:17Z,oxo-online,8,s005-h2-connect-auth,orchestrator,gate,,success,GATE-3-H2,Gate 3 under standing approval; no Option-A flags
2026-06-07T06:45:33Z,oxo-online,8,s005-h2-connect-auth,engineer,task_start,,success,route.md:tdd-route,Lay TDD route for s005-h2 connect-auth
2026-06-07T06:46:57Z,oxo-online,8,s005-h2-connect-auth,cicd,task_start,,na,,"s005-h2 capability step: generalise Lambda build, allowlist apigatewayv2/ssm/secretsmanager, pre-flight, capabilities.md s005-h2 section"
2026-06-07T06:47:23Z,oxo-online,8,s005-h2-connect-auth,cicd,task_end,,success,a99fdc9,"build generalised (for-loop tsconfig.*); 3 allowlist entries (get-authorizers, ssm describe-parameters, secretsmanager describe-secret — value verbs absent by design); pre-flight all PASS; capabilities.md s005-h2 written; no new GH vars/deploy grants"
2026-06-07T06:48:03Z,oxo-online,8,s005-h2-connect-auth,engineer,task_end,300,success,b98e372:route.md,Route laid: 26 engineer build steps across 4 phases + 3 Set-C validation hand-offs
2026-06-07T06:50:29Z,oxo-online,8,s005-h2-connect-auth,engineer,task_start,,na,,A2 build: UC2 authorizer + ConnectAttempts + shared secret infra (S-A2.1..S-A2.15)
2026-06-07T06:56:19Z,oxo-online,8,s005-h2-connect-auth,engineer,task_start,,na,,A1 build UC1 wsToken mint + SecretSource port + SSM adapter
2026-06-07T06:57:12Z,oxo-online,8,s005-h2-connect-auth,engineer,task_end,420,success,a912cde:lambda,"A1: token mint+verify domain, SecretSource port, SSM adapter, games handler wsToken inject; 24 A1 lambda tests green"
2026-06-07T07:02:43Z,oxo-online,8,s005-h2-connect-auth,orchestrator,pipeline_failure,,fail,27085494030,run shipped re-nested asset with stale handler path (wiring contract gap between A1 tsconfig and A2-owned CDK handler) — prod POST /games briefly at risk
2026-06-07T07:02:43Z,oxo-online,8,s005-h2-connect-auth,orchestrator,pipeline_recovery,,rolled_forward,5a53047,orchestrator emergency one-line handler fix; healing run 27085543696
2026-06-07T07:03:38Z,oxo-online,8,s005-h2-connect-auth,orchestrator,failure,,fail,DEFECT-H2-001,"PROD OUTAGE: POST /api/games 500 — A1 mint code deployed before A2 secret env exists (§39 violation, hard dependency); core create down"
2026-06-07T07:07:22Z,oxo-online,8,s005-h2-connect-auth,engineer,task_end,960,success,,A2: S-A2.1..S-A2.15 green; authorizer+ConnectAttempts+shared secret; lambda 96 / infra 87 / synth all stacks green
2026-06-07T07:20:20Z,oxo-online,8,s005-h2-connect-auth,orchestrator,gate,,success,PROCESS-V30,v30 failure semantics + backoff standard routed to 4 agent defs
